{"Clase 0": {"precision": 0.9491212802092893, "recall": 0.6650121529336853, "f1-score": 0.7820632086383995, "support": 2705931.0}, "Clase 1": {"precision": 0.5811638460212705, "recall": 0.928769116029035, "f1-score": 0.7149549617146864, "support": 1354230.0}, "accuracy": 0.7529859037609592, "macro avg": {"precision": 0.76514256311528, "recall": 0.7968906344813602, "f1-score": 0.748509085176543, "support": 4060161.0}, "weighted avg": {"precision": 0.8263924041621472, "recall": 0.7529859037609592, "f1-score": 0.7596798594974418, "support": 4060161.0}}