{"f1_score": [0.7167786928714276, 0.7179935639010584, 0.7199217032397787, 0.720027495522933, 0.7149549617146864, 0.48976488858736994, 0.00025975961903890415, 0.000147623701280488, 9.153858646705349e-05], "recall": [0.994074123302541, 0.9933829556279214, 0.9877620492826181, 0.9699563589641346, 0.928769116029035, 0.37795869239346347, 0.00012996315249256036, 7.384270027986383e-05, 4.578247417351558e-05], "accuracy": [0.7379773856258409, 0.7397238680929156, 0.7436545004003536, 0.7484075138892275, 0.7529859037609592, 0.7373325836093692, 0.6663317045801879, 0.6663688952236131, 0.6663935247887953], "auc": 0.8520619229662849}