{"accuracy": [0.4402157664299011, 0.4267437756061554, 0.42037880420684814, 0.416663259267807, 0.4140951931476593], "val_accuracy": [0.4399524927139282, 0.42637741565704346, 0.4232827126979828, 0.3462796211242676, 0.42993468046188354], "loss": [-158568.0625, -1057304.125, -2820641.0, -5447048.5, -8935197.0], "val_loss": [-463738.15625, -1796306.125, -3991701.75, -7049976.5, -10969651.0]}