{"mean_auc": 0.500100719520127, "best_auc": 0.5136442991813078, "mean_accuracy": 0.9388493530166742, "mean_precision": 0.0, "mean_recall": 0.0, "mean_f1": 0.0, "roc_curve": {"fpr": [0.0, 0.004164625183733464, 0.007757635146170178, 0.010615711252653927, 0.013800424628450107, 0.017434264249550874, 0.020700636942675158, 0.02527355871304916, 0.029642332190102892, 0.03364363873918014, 0.03695084109096848, 0.04087048832271762, 0.044463498285154335, 0.04760738200228646, 0.05193532582067614, 0.0560999510044096, 0.05940715335619794, 0.06308182263596276, 0.06716478850236812, 0.07067613914747672, 0.07398334149926507, 0.07794381838967826, 0.08214927323207578, 0.08606892046382492, 0.09002939735423812, 0.09394904458598727, 0.09762371386575208, 0.10186999836681365, 0.10550383798791442, 0.1087702106810387, 0.11309815449942838, 0.11693614241384942, 0.12122325657357505, 0.1252245631226523, 0.1293483586477217, 0.13306385758615058, 0.1381267352604932, 0.14188306385758614, 0.14535358484403071, 0.14837497958517068, 0.15278458272088846, 0.156255103707333, 0.1605830475257227, 0.16552343622407317, 0.16923893516250205, 0.17405683488486037, 0.17830311938592194, 0.1822227666176711, 0.18634656214274048, 0.1901028907398334, 0.19430834558223092, 0.19912624530458925, 0.2032092111709946, 0.2064755838641189, 0.21047689041319614, 0.21317164788502369, 0.21672382818879635, 0.22060264576188143, 0.22452229299363058, 0.2290543851053405, 0.23334149926506614, 0.23632206434754205, 0.24020088192062714, 0.24399804017638413, 0.24865262126408624, 0.25302139474113994, 0.2567368936795688, 0.26086068920463823, 0.26429038053241877, 0.26886330230279276, 0.2730279274865262, 0.27686591540094724, 0.2798056508247591, 0.2843785725951331, 0.28829821982688225, 0.29262616364527194, 0.29723991507430997, 0.30103707333006696, 0.30544667646578477, 0.3089988567695574, 0.3130409929772987, 0.31589906908378246, 0.3200228646088519, 0.3236158745712886, 0.3268005879470848, 0.33112853176547447, 0.3352114976318798, 0.3389678262289727, 0.34288747346072185, 0.34705209864445535, 0.35109423485219665, 0.35505471174260983, 0.3593009962436714, 0.363588110403397, 0.36750775763514615, 0.37159072350155153, 0.37571451902662095, 0.37922586967172955, 0.3916789155642659, 0.3955169034786869, 0.3993140617344439, 0.40294790135554465, 0.4074799934672546, 0.4122978931896129, 0.416135881104034, 0.42062714355707986, 0.4248325983994774, 0.4297321574391638, 0.43410093091621754, 0.4381022374652948, 0.44247101094234853, 0.4456148946594806, 0.4494120529152376, 0.4529234035603462, 0.4569655397680875, 0.4605177200718602, 0.4648864935489139, 0.4691327780499755, 0.47329740323370895, 0.4772578801241222, 0.48068757145190266, 0.48444390004899557, 0.4884043769394088, 0.4921607055365017, 0.49652947901355543, 0.5001633186346562, 0.5041237955250694, 0.5079209537808264, 0.5120855789645599, 0.5162910338069574, 0.5202106810387065, 0.5234770537318308, 0.5269884043769394, 0.5307855626326964, 0.5347868691817736, 0.5387473460721869, 0.5423403560346236, 0.5463824922423649, 0.5499755022048015, 0.5540176384125429, 0.5582639229136045, 0.5626735260493222, 0.5664706843050792, 0.5704719908541565, 0.5739016821819369, 0.5776171811203659, 0.5812510207414666, 0.5855381349011922, 0.5890086558876367, 0.593050792095378, 0.5965621427404867, 0.6003184713375797, 0.603666503348032, 0.6083619140943982, 0.6117916054221787, 0.6153029560672872, 0.6194267515923567, 0.6308998856769558, 0.6344112363220643, 0.6385758615057978, 0.6426996570308672, 0.6468234525559367, 0.6507022701290217, 0.6543769394087865, 0.6583374162991997, 0.6618895966029724, 0.6657275845173934, 0.6697288910664707, 0.6739343459088682, 0.6777315041646251, 0.6815694920790463, 0.6858974358974359, 0.6896537644945289, 0.692838477870325, 0.6967581251020741, 0.7013718765311122, 0.7051282051282052, 0.7091703413359465, 0.7132124775436878, 0.7170096357994448, 0.7207251347378736, 0.7244814633349665, 0.7273803691001143, 0.7313408459905275, 0.7345663890249877, 0.7380777396700964, 0.7421198758778377, 0.7464478196962273, 0.7508982524906092, 0.7540421362077413, 0.7582475910501388, 0.761432304425935, 0.7649844847297077, 0.7692307692307693, 0.7724154826065655, 0.7765801077902988, 0.7806222439980401, 0.7845827208884534, 0.7884615384615384, 0.7924628450106157, 0.7959741956557244, 0.8005879470847623, 0.8047117426098318, 0.8090396864282214, 0.8128368446839784, 0.8162257063530949, 0.8197370569982035, 0.8238200228646089, 0.8279029887310142, 0.8325167401600523, 0.8370896619304262, 0.8413359464314878, 0.8448064674179324, 0.8492977298709783, 0.8532582067613915, 0.8568512167238281, 0.8614241384942022, 0.865098807773967, 0.8682018618324351, 0.8722031683815124, 0.8766944308345582, 0.8807773967009636, 0.8851461701780173, 0.8886166911644618, 0.8923321901028908, 0.8958027110893353, 0.8987424465131472, 0.9026212640862322, 0.9065000816593173, 0.9105422178670586, 0.9142985464641515, 0.9185040013065491, 0.9216887146823453, 0.9254858729381022, 0.9303037726604606, 0.9345908868201862, 0.9386330230279275, 0.9427568185529969, 0.9463089988567696, 0.9537399967336273, 0.9581495998693451, 0.9619059284664381, 0.9658255756981872, 0.9698268822472644, 0.9735832108443574, 0.9766454352441614, 0.9803609341825902, 0.9841989220970113, 0.988526865915401, 0.9921198758778377, 0.9959578637922587, 1.0],