{"f1_score": 0.7157207646580483, "recall": 0.9154250016614608, "accuracy": 0.7574487809719861, "auc": 0.8497338744951932}