{"accuracy": [0.4356570243835449, 0.41956794261932373], "val_accuracy": [0.42312929034233093, 0.43379881978034973], "loss": [-63315.71484375, -422417.1875], "val_loss": [-185161.421875, -717529.1875]}